kind,a,b,c,d,e,f,g,h,i
btb_header,spacing,n,cycles_per_branch,mis_per_branch,l1i_refill_per_branch,stall_frontend_per_branch,itlb_walk_per_branch
btb,4,1,1.0002,0.00000,0.00000,0.0001,0.00000
btb,4,2,1.0002,0.00000,0.00000,0.0001,0.00000
btb,4,3,1.0002,0.00000,0.00000,0.0001,0.00000
btb,4,4,1.8335,0.00000,0.00000,0.8334,0.00000
btb,4,6,1.0002,0.00000,0.00000,0.0001,0.00000
btb,4,8,1.5002,0.00000,0.00000,0.5001,0.00000
btb,4,12,1.0003,0.00000,0.00000,0.0001,0.00000
btb,4,16,1.6670,0.00000,0.00000,0.6668,0.00000
btb,4,24,1.9381,0.00000,0.00000,0.9380,0.00000
btb,4,32,2.0006,0.00000,0.00000,1.0005,0.00000
btb,4,48,2.0009,0.00000,0.00001,1.0008,0.00000
btb,4,64,2.0010,0.00000,0.00001,1.0009,0.00000
btb,4,96,4.2696,0.00000,0.00001,3.2694,0.00000
btb,4,128,4.9141,0.00000,0.00001,3.9139,0.00000
btb,4,192,5.2179,0.00000,0.00001,4.2178,0.00000
btb,4,256,5.2550,0.00000,0.00002,4.2549,0.00000
btb,4,384,5.3157,0.00000,0.00003,4.3156,0.00000
btb,4,512,5.3364,0.00000,0.00004,4.3363,0.00000
btb,4,768,5.3915,0.00000,0.00005,4.3914,0.00000
btb,4,1024,5.3933,0.00000,0.00006,4.3932,0.00000
btb,4,1536,5.4101,0.00000,0.00010,4.4100,0.00000
btb,4,2048,5.4002,0.00000,0.00013,4.4000,0.00000
btb,4,3072,5.4213,0.00000,0.00020,4.4212,0.00000
btb,4,4096,5.4235,0.00000,0.00028,4.4234,0.00000
btb,4,6144,5.4262,0.00000,0.00047,4.4261,0.00000
btb,4,8192,5.4352,0.00000,0.00069,4.4350,0.00000
btb,4,12288,5.6171,0.00000,0.00124,4.6170,0.00000
btb,4,16384,5.7239,0.00008,0.00261,4.7235,0.00000
btb,4,24576,9.2582,0.00006,0.59345,8.2578,0.00000
btb,4,32768,10.9113,0.00005,0.97760,9.9110,0.00000
btb,4,49152,12.4616,0.00004,1.37439,11.4613,0.00000
btb,4,65536,13.6250,0.00003,1.62198,12.6248,0.00000
btb,8,1,1.0002,0.00000,0.00000,0.0001,0.00000
btb,8,2,1.0002,0.00000,0.00000,0.0001,0.00000
btb,8,3,1.0002,0.00000,0.00000,0.0001,0.00000
btb,8,4,1.0002,0.00000,0.00000,0.0001,0.00000
btb,8,6,1.0002,0.00000,0.00000,0.0001,0.00000
btb,8,8,1.0002,0.00000,0.00000,0.0001,0.00000
btb,8,12,1.0002,0.00000,0.00000,0.0001,0.00000
btb,8,16,1.6669,0.00000,0.00000,0.6668,0.00000
btb,8,24,1.9343,0.00000,0.00001,0.9342,0.00000
btb,8,32,2.0002,0.00000,0.00001,1.0001,0.00000
btb,8,48,2.0003,0.00000,0.00001,1.0002,0.00000
btb,8,64,2.0004,0.00000,0.00001,1.0003,0.00000
btb,8,96,2.7102,0.00000,0.00001,1.7101,0.00000
btb,8,128,2.7353,0.00000,0.00002,1.7352,0.00000
btb,8,192,2.7480,0.00000,0.00002,1.7479,0.00000
btb,8,256,2.7488,0.00000,0.00003,1.7487,0.00000
btb,8,384,2.7496,0.00000,0.00005,1.7495,0.00000
btb,8,512,2.7505,0.00000,0.00006,1.7504,0.00000
btb,8,768,2.7515,0.00000,0.00009,1.7514,0.00000
btb,8,1024,2.7525,0.00000,0.00013,1.7524,0.00000
btb,8,1536,2.7538,0.00000,0.00018,1.7537,0.00000
btb,8,2048,2.7552,0.00000,0.00024,1.7551,0.00000
btb,8,3072,2.7580,0.00000,0.00037,1.7579,0.00000
btb,8,4096,2.7612,0.00000,0.00050,1.7611,0.00000
btb,8,6144,3.5752,0.00000,0.00077,2.5751,0.00000
btb,8,8192,4.0076,0.00010,0.00217,3.0070,0.00000
btb,8,12288,8.5712,0.00010,0.59316,7.5709,0.00000
btb,8,16384,10.6901,0.00009,0.99580,9.6896,0.00000
btb,8,24576,12.5292,0.00007,1.40061,11.5289,0.00000
btb,8,32768,13.3639,0.00005,1.60363,12.3636,0.00000
btb,8,49152,16.9227,0.00004,2.18588,15.9225,0.00000
btb,8,65536,20.9326,0.00003,2.81128,19.9324,0.00000
btb,16,1,1.0002,0.00000,0.00000,0.0001,0.00000
btb,16,2,1.0002,0.00000,0.00000,0.0001,0.00000
btb,16,3,1.0002,0.00000,0.00000,0.0001,0.00000
btb,16,4,1.0002,0.00000,0.00000,0.0001,0.00000
btb,16,6,1.0002,0.00000,0.00000,0.0001,0.00000
btb,16,8,1.0002,0.00000,0.00000,0.0001,0.00000
btb,16,12,1.0002,0.00000,0.00001,0.0001,0.00000
btb,16,16,1.6780,0.00000,0.00001,0.6779,0.00000
btb,16,24,1.9337,0.00000,0.00001,0.9337,0.00000
btb,16,32,2.0002,0.00000,0.00001,1.0001,0.00000
btb,16,48,2.0003,0.00000,0.00001,1.0002,0.00000
btb,16,64,2.0003,0.00000,0.00002,1.0002,0.00000
btb,16,96,2.4746,0.00000,0.00002,1.4745,0.00000
btb,16,128,2.4995,0.00000,0.00003,1.4994,0.00000
btb,16,192,2.5055,0.00000,0.00004,1.5054,0.00000
btb,16,256,2.5044,0.00000,0.00006,1.5043,0.00000
btb,16,384,2.5031,0.00000,0.00009,1.5030,0.00000
btb,16,512,2.5027,0.00000,0.00012,1.5026,0.00000
btb,16,768,2.5031,0.00000,0.00019,1.5031,0.00000
btb,16,1024,2.5041,0.00000,0.00025,1.5040,0.00000
btb,16,1536,2.5047,0.00000,0.00037,1.5046,0.00000
btb,16,2048,2.5061,0.00000,0.00049,1.5060,0.00000
btb,16,3072,2.5085,0.00000,0.00075,1.5085,0.00000
btb,16,4096,2.5161,0.00000,0.00183,1.5160,0.00000
btb,16,6144,4.2461,0.00016,0.42758,3.2474,0.00000
btb,16,8192,7.9739,0.00015,0.84306,6.9740,0.00000
btb,16,12288,11.5281,0.00012,1.34608,10.5276,0.00000
btb,16,16384,13.1895,0.00010,1.61959,12.1891,0.00000
btb,16,24576,18.1009,0.00007,2.37295,17.1006,0.00000
btb,16,32768,23.2544,0.00006,3.10662,22.2541,0.00000
btb,16,49152,30.7594,0.00004,4.32786,29.7592,0.00000
btb,16,65536,37.2238,0.00003,4.74176,36.2235,0.00000
btb,32,1,1.0001,0.00000,0.00000,0.0000,0.00000
btb,32,2,1.0002,0.00000,0.00000,0.0001,0.00000
btb,32,3,1.0002,0.00000,0.00000,0.0001,0.00000
btb,32,4,1.0002,0.00000,0.00000,0.0001,0.00000
btb,32,6,1.0002,0.00000,0.00000,0.0001,0.00000
btb,32,8,1.0002,0.00000,0.00001,0.0001,0.00000
btb,32,12,1.0002,0.00000,0.00001,0.0001,0.00000
btb,32,16,1.6669,0.00000,0.00001,0.6668,0.00000
btb,32,24,1.9338,0.00000,0.00001,0.9337,0.00000
btb,32,32,2.0003,0.00000,0.00002,1.0001,0.00000
btb,32,48,2.0003,0.00000,0.00002,1.0002,0.00000
btb,32,64,2.0003,0.00000,0.00003,1.0002,0.00000
btb,32,96,2.0389,0.00000,0.00004,1.0388,0.00000
btb,32,128,2.0462,0.00000,0.00006,1.0461,0.00000
btb,32,192,2.0264,0.00000,0.00009,1.0263,0.00000
btb,32,256,2.0317,0.00000,0.00012,1.0317,0.00000
btb,32,384,2.0206,0.00000,0.00018,1.0205,0.00000
btb,32,512,2.0131,0.00000,0.00024,1.0130,0.00000
btb,32,768,2.0111,0.00000,0.00036,1.0110,0.00000
btb,32,1024,2.0122,0.00000,0.00048,1.0121,0.00000
btb,32,1536,2.0144,0.00000,0.00074,1.0144,0.00000
btb,32,2048,2.0287,0.00000,0.00370,1.0291,0.00000
btb,32,3072,4.2276,0.00000,0.55357,3.2400,0.00000
btb,32,4096,4.8087,0.00000,0.69764,3.8127,0.00000
btb,32,6144,5.3310,0.00017,0.82058,4.3321,0.00000
btb,32,8192,9.6072,0.00016,1.27821,8.6070,0.00000
btb,32,12288,17.3502,0.00014,2.34116,16.3500,0.00000
btb,32,16384,21.7874,0.00011,3.01323,20.7869,0.00000
btb,32,24576,31.7325,0.00008,4.41199,30.7322,0.00000
btb,32,32768,38.0333,0.00006,4.86211,37.0330,0.00000
btb,32,49152,44.6435,0.00004,5.44637,43.6432,0.00000
btb,32,65536,54.8359,0.00003,5.66503,53.8357,0.00000
btb,64,1,1.0002,0.00000,0.00000,0.0001,0.00000
btb,64,2,1.0002,0.00000,0.00000,0.0001,0.00000
btb,64,3,1.0002,0.00000,0.00001,0.0001,0.00000
btb,64,4,1.0002,0.00000,0.00001,0.0001,0.00000
btb,64,6,1.0002,0.00000,0.00001,0.0001,0.00000
btb,64,8,1.0002,0.00000,0.00001,0.0001,0.00000
btb,64,12,1.0002,0.00000,0.00001,0.0001,0.00000
btb,64,16,1.6669,0.00000,0.00002,0.6668,0.00000
btb,64,24,1.9336,0.00000,0.00002,0.9335,0.00000
btb,64,32,2.0003,0.00000,0.00003,1.0002,0.00000
btb,64,48,2.0003,0.00000,0.00004,1.0002,0.00000
btb,64,64,2.0004,0.00000,0.00006,1.0003,0.00000
btb,64,96,2.0299,0.00000,0.00009,1.0297,0.00000
btb,64,128,2.0386,0.00000,0.00012,1.0385,0.00000
btb,64,192,2.0424,0.00000,0.00018,1.0423,0.00000
btb,64,256,2.0365,0.00000,0.00025,1.0364,0.00000
btb,64,384,2.0382,0.00000,0.00037,1.0382,0.00000
btb,64,512,2.0283,0.00000,0.00049,1.0282,0.00000
btb,64,768,2.0413,0.00000,0.00074,1.0412,0.00000
btb,64,1024,2.0535,0.00000,0.00591,1.0539,0.00000
btb,64,1536,6.0342,0.00000,0.99929,5.0341,0.00000
btb,64,2048,6.0370,0.00000,0.99987,5.0369,0.00000
btb,64,3072,6.0824,0.00042,1.00372,5.0811,0.00000
btb,64,4096,9.6987,0.00027,1.32309,8.6979,0.00000
btb,64,6144,18.0003,0.00027,2.32091,16.9994,0.00000
btb,64,8192,23.0424,0.00022,3.07766,22.0414,0.00000
btb,64,12288,33.2295,0.00015,4.55022,32.2288,0.00000
btb,64,16384,39.3089,0.00012,5.02822,38.3084,0.00000
btb,64,24576,45.3710,0.00008,5.54811,44.3705,0.00000
btb,64,32768,61.3382,0.00006,5.68143,60.3378,0.00000
btb,64,49152,117.7756,0.00004,5.65217,116.7753,0.00000
btb,64,65536,163.5092,0.00003,5.95319,162.5087,0.00000
btb,256,1,1.0002,0.00000,0.00000,0.0001,0.00000
btb,256,2,1.0002,0.00000,0.00000,0.0001,0.00000
btb,256,3,1.0002,0.00000,0.00001,0.0001,0.00000
btb,256,4,1.0002,0.00000,0.00001,0.0001,0.00000
btb,256,6,1.0002,0.00000,0.00001,0.0001,0.00000
btb,256,8,1.0002,0.00000,0.00001,0.0001,0.00000
btb,256,12,1.0002,0.00000,0.00001,0.0001,0.00000
btb,256,16,1.6669,0.00000,0.00002,0.6668,0.00000
btb,256,24,1.9336,0.00000,0.00002,0.9335,0.00000
btb,256,32,2.0003,0.00000,0.00004,1.0002,0.00000
btb,256,48,2.0004,0.00000,0.00005,1.0003,0.00000
btb,256,64,2.0005,0.00000,0.00007,1.0004,0.00000
btb,256,96,2.3990,0.00000,0.00010,1.3989,0.00000
btb,256,128,2.4777,0.00000,0.00015,1.4776,0.00000
btb,256,192,2.5118,0.00000,0.00022,1.5117,0.00000
btb,256,256,2.5720,0.00000,0.01971,1.5723,0.00000
btb,256,384,6.4983,0.00000,0.99750,5.4982,0.00000
btb,256,512,6.4668,0.00000,0.99827,5.4667,0.00000
btb,256,768,6.5604,0.00173,1.00661,5.5521,0.00000
btb,256,1024,13.3797,0.00157,1.78152,12.3741,0.00000
btb,256,1536,21.7760,0.00117,2.86826,20.7719,0.00000
btb,256,2048,29.6343,0.00093,4.02741,28.6312,0.00000
btb,256,3072,39.9781,0.00061,5.32677,38.9758,0.00000
btb,256,4096,45.0920,0.00046,5.80035,44.0902,0.00000
btb,256,6144,49.5173,0.00031,6.15181,48.5161,0.00000
btb,256,8192,57.5525,0.00024,6.31542,56.5515,0.00000
btb,256,12288,122.3402,0.00016,5.90123,121.3394,0.00000
btb,256,16384,170.7541,0.00012,6.14603,169.7535,0.00000
btb,256,24576,208.8011,0.00008,6.44953,207.8005,0.00001
btb,256,32768,226.6427,0.00006,6.62080,225.6421,0.00003
pattern_header,period,mis_per_branch,cycles_per_iter
pattern,1,0.00001,2.0020
pattern,2,0.00001,3.5006
pattern,3,0.00001,2.6673
pattern,4,0.00001,2.2507
pattern,6,0.00001,2.0021
pattern,8,0.00001,2.6256
pattern,12,0.00001,2.6673
pattern,16,0.00001,2.3756
pattern,24,0.00001,2.3756
pattern,32,0.00001,2.8131
pattern,48,0.00001,2.5007
pattern,64,0.00002,2.5475
pattern,96,0.00002,2.3757
pattern,128,0.00002,2.4069
pattern,192,0.00002,2.5318
pattern,256,0.00002,2.5046
pattern,384,0.00652,2.5972
pattern,512,0.01174,2.6631
pattern,768,0.01738,2.7095
pattern,1024,0.03623,2.9741
pattern,1536,0.05614,3.3351
pattern,2048,0.05332,3.2851
pattern,3072,0.07203,3.5334
pattern,4096,0.23214,5.7743
pattern,6144,0.32507,7.0661
pattern,8192,0.37965,7.8075
pattern,12288,0.42724,8.4450
pattern,16384,0.45766,8.8581
pattern,32768,0.47866,9.1354
pattern,65536,0.48979,9.2946
corr_header,variant,k,mis_per_iter,final_branch_rate,l1i_refill_per_iter,stall_frontend_per_iter
corr,taken,1,0.50192,0.00192,0.00000,2.191
corr,taken,2,0.50217,0.00217,0.00003,4.137
corr,taken,3,0.49907,-0.00093,0.00003,3.624
corr,taken,4,0.50168,0.00168,0.00006,4.090
corr,taken,6,0.49937,-0.00063,0.00006,3.987
corr,taken,8,0.50081,0.00081,0.00011,3.563
corr,taken,12,0.49850,-0.00150,0.00012,2.966
corr,taken,16,0.50000,0.00000,0.00012,9.255
corr,taken,24,0.50110,0.00110,0.00027,24.211
corr,taken,32,0.50005,0.00005,0.00032,34.438
corr,taken,48,0.50053,0.00053,0.00046,50.370
corr,taken,64,0.50079,0.00079,0.00058,66.441
corr,taken,96,0.50066,0.00066,0.00076,144.795
corr,taken,128,0.50124,0.00124,0.00110,194.449
corr,taken,192,0.50137,0.00137,0.00156,291.238
corr,taken,256,0.50302,0.00302,0.00217,387.112
corr,taken,384,0.50137,0.00137,0.00388,579.376
corr,taken,512,0.50374,0.00374,0.00549,771.061
corr,taken,768,0.50555,0.00555,0.00975,1155.077
corr,taken,1024,0.50748,0.00748,0.01401,1539.527
corr,taken,1536,0.51231,0.01231,0.03520,2308.102
corr,taken,2048,0.51961,0.01961,0.07520,3075.806
corr,taken,2304,1.02364,0.52364,0.12474,3462.921
corr,taken,2560,1.02881,0.52881,0.17139,3845.432
corr,taken,2816,1.03941,0.53941,0.24814,4229.802
corr,taken,3072,1.03653,0.53653,0.32109,4616.450
corr,taken,4096,1.07799,0.57799,5.93311,6173.001
corr,taken,6144,45.78162,45.28162,1537.90628,15435.668
corr,nottaken,1,0.50227,0.00227,0.00000,2.195
corr,nottaken,2,0.50970,0.00970,0.00003,3.026
corr,nottaken,3,0.66760,0.16760,0.00003,2.033
corr,nottaken,4,0.54094,0.04094,0.00005,1.953
corr,nottaken,6,0.50575,0.00575,0.00006,1.168
corr,nottaken,8,0.57182,0.07182,0.00015,0.982
corr,nottaken,12,0.64174,0.14174,0.00012,0.932
corr,nottaken,16,0.51799,0.01799,0.00012,0.666
corr,nottaken,24,0.51076,0.01076,0.00040,0.648
corr,nottaken,32,0.52521,0.02521,0.00044,0.682
corr,nottaken,48,0.51167,0.01167,0.00052,0.652
corr,nottaken,64,0.52763,0.02763,0.00055,0.687
corr,nottaken,96,0.52519,0.02519,0.00072,0.685
corr,nottaken,128,0.52893,0.02893,0.00113,0.727
corr,nottaken,192,0.52322,0.02322,0.00156,0.717
corr,nottaken,256,0.52571,0.02571,0.00221,1.010
corr,nottaken,384,0.52559,0.02559,0.00346,1.014
corr,nottaken,512,0.52333,0.02333,0.00481,1.008
corr,nottaken,768,0.52165,0.02165,0.00728,1.016
corr,nottaken,1024,0.52104,0.02104,0.01004,1.020
corr,nottaken,1536,0.52179,0.02179,0.02292,1.083
corr,nottaken,2048,0.51883,0.01883,0.03725,1.102
corr,nottaken,2304,0.52359,0.02359,0.05562,1.126
corr,nottaken,2560,0.51994,0.01994,0.08032,1.165
corr,nottaken,2816,0.52060,0.02060,0.10686,1.217
corr,nottaken,3072,0.52049,0.02049,0.14244,1.257
corr,nottaken,4096,0.52032,0.02032,5.39307,5.979
corr,nottaken,6144,0.52797,0.02797,1537.00148,3079.163
corr,control,1,1.00114,0.50114,0.00003,5.008
corr,control,2,1.00098,0.50098,0.00006,6.144
corr,control,3,1.00089,0.50089,0.00003,4.946
corr,control,4,1.00084,0.50084,0.00006,5.362
corr,control,6,1.00067,0.50067,0.00009,5.015
corr,control,8,1.00084,0.50084,0.00012,4.616
corr,control,12,1.00150,0.50150,0.00009,4.407
corr,control,16,1.00180,0.50180,0.00015,12.250
corr,control,24,0.99985,0.49985,0.00027,25.387
corr,control,32,1.00053,0.50053,0.00034,35.393
corr,control,48,1.00117,0.50117,0.00049,51.203
corr,control,64,1.00079,0.50079,0.00063,67.233
corr,control,96,0.99957,0.49957,0.00079,146.444
corr,control,128,1.00101,0.50101,0.00110,195.974
corr,control,192,1.00194,0.50194,0.00168,291.926
corr,control,256,1.00200,0.50200,0.00226,388.909
corr,control,384,1.00192,0.50192,0.00383,580.853
corr,control,512,1.00233,0.50233,0.00537,771.869
corr,control,768,1.00618,0.50618,0.00998,1155.982
corr,control,1024,1.00458,0.50458,0.01399,1541.098
corr,control,1536,1.01050,0.51050,0.03676,2308.122
corr,control,2048,1.01796,0.51796,0.07632,3077.246
corr,control,2304,1.02243,0.52243,0.12224,3463.607
corr,control,2560,1.02870,0.52870,0.17244,3845.313
corr,control,2816,1.03851,0.53851,0.24350,4229.776
corr,control,3072,1.03833,0.53833,0.32358,4616.545
corr,control,4096,1.07297,0.57297,5.93073,6173.045
corr,control,6144,49.67101,49.17101,1537.79187,15433.346
nbr_header,spacing,n,mis_per_branch,cycles_per_branch,l1i_refill_per_branch
nbr,4,1,0.00000,3.5002,0.00000
nbr,4,2,0.00001,2.5002,0.00000
nbr,4,4,0.15626,3.1876,0.00000
nbr,4,8,0.11646,2.7906,0.00000
nbr,4,16,0.21768,3.5378,0.00000
nbr,4,32,0.27106,3.9893,0.00000
nbr,4,64,0.29506,4.1755,0.00001
nbr,4,128,0.30066,4.2031,0.00001
nbr,4,256,0.32094,4.3665,0.00002
nbr,4,512,0.32417,4.3892,0.00004
nbr,4,768,0.32375,4.3842,0.00005
nbr,4,1024,0.32131,4.3608,0.00006
nbr,4,1536,0.32352,4.3806,0.00009
nbr,4,2048,0.32522,4.3943,0.00013
nbr,4,3072,0.33700,4.5041,0.00020
nbr,4,4096,0.37433,4.8607,0.00027
nbr,4,6144,0.43870,5.4855,0.00048
nbr,4,8192,0.46574,5.7452,0.00069
nbr,4,12288,0.47584,5.8094,0.00126
nbr,4,16384,0.47670,5.8012,0.00274
nbr,16,1,0.00000,3.5001,0.00000
nbr,16,2,0.00000,2.6251,0.00000
nbr,16,4,0.00000,2.2501,0.00000
nbr,16,8,0.00000,2.1408,0.00000
nbr,16,16,0.00000,2.0705,0.00000
nbr,16,32,0.00001,2.0471,0.00001
nbr,16,64,0.00001,2.0061,0.00002
nbr,16,128,0.00012,1.8846,0.00003
nbr,16,256,0.00655,1.7781,0.00006
nbr,16,512,0.01395,1.8417,0.00012
nbr,16,768,0.01141,1.8048,0.00018
nbr,16,1024,0.04123,2.0946,0.00024
nbr,16,1536,0.15604,3.2142,0.00036
nbr,16,2048,0.28056,4.4480,0.00055
nbr,16,3072,0.19663,3.6135,0.00074
nbr,16,4096,0.20847,3.7387,0.00222
nbr,16,6144,0.17722,4.1800,0.25018
nbr,16,8192,0.30582,4.7626,0.25021
nbr,16,12288,0.40515,5.3474,0.25025
nbr,16,16384,0.46610,5.8470,0.25019
ind_rr_header,t,mis_per_branch,cycles_per_branch
ind_rr,1,0.00003,3.0067
ind_rr,2,0.00003,6.0023
ind_rr,3,0.00003,6.0023
ind_rr,4,0.00005,6.0025
ind_rr,6,0.00005,6.0025
ind_rr,8,0.00003,6.0025
ind_rr,12,0.00003,6.0027
ind_rr,16,0.00003,6.1384
ind_rr,24,0.00003,6.9317
ind_rr,32,0.00003,7.0034
ind_rr,48,0.02095,7.3179
ind_rr,64,0.67043,16.8142
ind_rr,96,0.70827,18.1140
ind_rr,128,0.83589,20.1645
ind_rr,192,0.88540,21.1640
ind_rr,256,0.89452,21.2518
ind_rr,384,0.93731,22.0434
ind_rr,512,0.94527,22.1437
ind_rr,768,0.96726,22.4816
ind_rr,1024,0.97372,22.5973
ind_rr,2048,0.98848,23.0368
ind_rand_header,p,mis_per_branch,cycles_per_branch
ind_rand,16,0.00005,6.0028
ind_rand,32,0.00003,6.0031
ind_rand,64,0.00003,6.0033
ind_rand,128,0.00008,6.0354
ind_rand,256,0.00008,6.0549
ind_rand,512,0.00021,6.0562
ind_rand,1024,0.00217,6.0958
ind_rand,2048,0.01781,6.3337
ind_rand,4096,0.38783,11.8943
ind_rand,8192,0.76930,17.6182
ind_rand,16384,0.91003,19.7298
ind_rand,32768,0.93484,20.1036
ras_header,variant,depth,mis_per_iter,cycles_per_iter,cycles_per_call_return,excess_mis_over_random_sites
ras,chain,1,0.0002,3.010,3.010,0.0002
ras,chain,2,0.0002,5.011,2.506,0.0002
ras,chain,3,0.0002,7.013,2.338,0.0002
ras,chain,4,0.0002,9.012,2.253,0.0002
ras,chain,5,0.0002,11.014,2.203,0.0002
ras,chain,6,0.0002,13.015,2.169,0.0002
ras,chain,7,0.0002,15.016,2.145,0.0002
ras,chain,8,0.0002,23.772,2.971,0.0002
ras,chain,9,0.0002,33.514,3.724,0.0002
ras,chain,10,0.0002,39.215,3.921,0.0002
ras,chain,11,0.0002,43.517,3.956,0.0002
ras,chain,12,0.0002,48.349,4.029,0.0002
ras,chain,13,0.0002,52.216,4.017,0.0002
ras,chain,14,0.0002,56.159,4.011,0.0002
ras,chain,15,0.0002,61.018,4.068,0.0002
ras,chain,16,0.0002,66.017,4.126,0.0002
ras,chain,17,0.0003,71.018,4.178,0.0003
ras,chain,18,0.0004,76.020,4.223,0.0004
ras,chain,19,0.0005,81.022,4.264,0.0005
ras,chain,20,0.0004,86.022,4.301,0.0004
ras,chain,21,0.0005,91.022,4.334,0.0005
ras,chain,22,0.0005,96.022,4.365,0.0005
ras,chain,23,0.0006,101.024,4.392,0.0006
ras,chain,24,0.0006,106.023,4.418,0.0006
ras,chain,25,0.0006,111.025,4.441,0.0006
ras,chain,26,0.0006,116.026,4.463,0.0006
ras,chain,27,0.0007,121.026,4.482,0.0007
ras,chain,28,0.0007,126.028,4.501,0.0007
ras,chain,29,0.0007,131.028,4.518,0.0007
ras,chain,30,0.0008,136.029,4.534,0.0008
ras,chain,31,0.0008,141.032,4.549,0.0008
ras,chain,32,0.0007,146.031,4.563,0.0007
ras,chain,33,0.0007,151.032,4.577,0.0007
ras,chain,34,0.0008,156.032,4.589,0.0008
ras,chain,35,0.0009,161.034,4.601,0.0009
ras,chain,36,0.0009,166.033,4.612,0.0009
ras,chain,37,0.0009,171.034,4.623,0.0009
ras,chain,38,0.0009,176.035,4.633,0.0009
ras,chain,39,0.0009,181.035,4.642,0.0009
ras,chain,40,0.0009,190.080,4.752,0.0009
ras,chain,44,0.0013,238.373,5.418,0.0013
ras,chain,48,0.0015,264.042,5.501,0.0015
ras,chain,56,0.0017,310.300,5.541,0.0017
ras,chain,64,0.0022,353.290,5.520,0.0022
ras,chain,80,0.0030,442.095,5.526,0.0030
ras,chain,96,0.0047,530.123,5.522,0.0047
ras,chain,128,0.0052,706.153,5.517,0.0052
ras,random_sites,1,0.0002,3.017,3.017,0.0002
ras,random_sites,2,0.4988,13.802,6.901,-0.0012
ras,random_sites,3,0.9874,22.922,7.641,-0.0126
ras,random_sites,4,1.4950,32.393,8.098,-0.0050
ras,random_sites,5,1.9921,44.098,8.820,-0.0079
ras,random_sites,6,2.4902,57.541,9.590,-0.0098
ras,random_sites,7,2.9752,70.364,10.052,-0.0248
ras,random_sites,8,3.4774,81.740,10.217,-0.0226
ras,random_sites,9,3.9859,93.344,10.372,-0.0141
ras,random_sites,10,4.4832,105.144,10.514,-0.0168
ras,random_sites,11,4.9861,117.226,10.657,-0.0139
ras,random_sites,12,5.4666,127.979,10.665,-0.0334
ras,random_sites,13,5.9618,138.693,10.669,-0.0382
ras,random_sites,14,6.4583,149.473,10.677,-0.0417
ras,random_sites,15,6.9592,161.156,10.744,-0.0408
ras,random_sites,16,7.4498,171.944,10.746,-0.0502
ras,random_sites,17,7.9603,184.903,10.877,-0.0397
ras,random_sites,18,8.9592,209.495,11.639,0.4592
ras,random_sites,19,9.9479,235.756,12.408,0.9479
ras,random_sites,20,10.9426,261.763,13.088,1.4426
ras,random_sites,21,11.9441,288.758,13.750,1.9441
ras,random_sites,22,12.9434,316.585,14.390,2.4434
ras,random_sites,23,13.9502,343.662,14.942,2.9502
ras,random_sites,24,14.9827,373.550,15.565,3.4827
ras,random_sites,25,16.0230,406.482,16.259,4.0230
ras,random_sites,26,17.0854,439.335,16.898,4.5854
ras,random_sites,27,18.1040,467.701,17.322,5.1040
ras,random_sites,28,19.1469,491.919,17.569,5.6469
ras,random_sites,29,20.1454,517.030,17.829,6.1454
ras,random_sites,30,21.2018,541.589,18.053,6.7018
ras,random_sites,31,22.2583,565.668,18.247,7.2583
ras,random_sites,32,23.2747,590.714,18.460,7.7747
ras,random_sites,33,24.3185,615.502,18.652,8.3185
ras,random_sites,34,25.3378,638.380,18.776,8.8378
ras,random_sites,35,26.3322,659.850,18.853,9.3322
ras,random_sites,36,27.3326,680.351,18.899,9.8326
ras,random_sites,37,28.3581,704.498,19.040,10.3581
ras,random_sites,38,29.3886,727.980,19.157,10.8886
ras,random_sites,39,30.4751,751.365,19.266,11.4751
ras,random_sites,40,31.5312,776.419,19.410,12.0312
ras,random_sites,44,35.5982,865.270,19.665,14.0982
ras,random_sites,48,39.7910,960.800,20.017,16.2910
ras,random_sites,56,48.0288,1143.617,20.422,20.5288
ras,random_sites,64,56.2209,1325.458,20.710,24.7209
ras,random_sites,80,72.7437,1692.499,21.156,33.2437
ras,random_sites,96,89.1257,2057.111,21.428,41.6257
ras,random_sites,128,122.0105,2787.210,21.775,58.5105
penalty_header,muls,p32,mis_per_iter,cycles_per_iter
penalty,0,0,0.00001,2.0020
penalty,0,1,0.03140,2.4532
penalty,0,2,0.06421,2.9099
penalty,0,4,0.12974,3.8303
penalty,0,8,0.26018,5.6783
penalty,0,16,0.49602,9.3704
penalty_fit,0,14.8078,1.9514,14.7360,14.8599
penalty,4,0,0.00001,12.0007
penalty,4,1,0.03151,12.7145
penalty,4,2,0.06429,13.4548
penalty,4,4,0.13183,14.9993
penalty,4,8,0.25830,17.9775
penalty,4,16,0.49735,23.6802
penalty_fit,4,23.4967,11.9542,23.4563,23.5261
penalty,8,0,0.00001,24.0009
penalty,8,1,0.03184,24.9891
penalty,8,2,0.06494,26.0026
penalty,8,4,0.13084,28.0714
penalty,8,8,0.26231,32.3101
penalty,8,16,0.49894,40.4502
penalty_fit,8,32.9550,23.8719,32.8308,33.0579
