op,threads,size_per_thread_bytes,total_bytes,n_valid,gbps_median,gbps_mad,gbps_ci95_lo,gbps_ci95_hi,gbps_per_thread,bytes_per_cycle,l1d_refill_per_kib,l2d_refill_per_kib,l3d_refill_per_kib,bus_access_per_kib
read,1,16384,16384,30,75.3131,0.0200,75.2936,75.3147,75.3131,31.39903,0.00023,0.00006,0.00000,0.00204
read,1,32768,32768,30,59.3381,0.5761,58.9677,59.5257,59.3381,24.72674,0.00042,0.00005,0.00000,0.00127
read,1,65536,65536,30,59.1966,0.3768,58.9795,59.5734,59.1966,24.67970,0.07928,0.00011,0.00000,0.00363
read,1,131072,131072,30,44.1745,0.0526,44.0793,44.1864,44.1745,18.42498,1.22041,0.00027,0.00000,0.01128
read,1,262144,262144,30,44.2630,0.0425,44.0775,44.2833,44.2630,18.46317,1.18367,0.00292,0.00001,0.14368
read,1,393216,393216,30,43.7175,0.2018,42.1705,43.8072,43.7175,18.23615,1.37644,0.08325,0.00002,8.59076
read,1,524288,524288,30,40.9095,0.6312,39.6855,41.2242,40.9095,17.06132,2.59474,0.24078,0.00002,46.66511
read,1,1048576,1048576,30,34.9152,0.4380,34.4772,34.9578,34.9152,14.56509,5.37085,0.55861,0.00029,103.63742
read,1,1572864,1572864,30,33.0025,0.1826,32.8407,33.0710,33.0025,13.76236,6.07024,0.73135,0.00078,113.14571
read,1,2097152,2097152,30,30.5297,0.2483,30.4382,30.7202,30.5297,12.74492,5.43896,0.53208,0.16873,117.74541
read,1,4194304,4194304,30,23.5908,0.2768,23.4219,23.8274,23.5908,9.90065,8.44818,7.33003,8.06622,123.43468
read,1,8388608,8388608,30,17.8091,0.0418,17.7772,17.8370,17.8091,7.43371,12.55701,11.73356,12.36017,125.76576
read,1,33554432,33554432,30,14.5207,0.0176,14.5022,14.5309,14.5207,6.06470,14.58901,13.34393,15.23420,127.62077
read,1,134217728,134217728,30,13.8286,0.0138,13.8204,13.8357,13.8286,5.77649,14.83383,13.51272,16.00372,128.02539
read,1,268435456,268435456,30,13.8359,0.0022,13.8341,13.8370,13.8359,5.77664,14.84707,13.51309,16.00674,128.04416
write,1,16384,16384,30,38.1603,0.0107,38.1575,38.1740,38.1603,15.91281,0.00082,0.00007,0.00000,2.52393
write,1,32768,32768,30,38.2833,0.0044,38.2804,38.2863,38.2833,15.96143,0.00188,0.00010,0.00000,1.58687
write,1,65536,65536,30,38.3416,0.0045,38.3401,38.3441,38.3416,15.98620,0.00355,0.00025,0.00000,5.88937
write,1,131072,131072,30,38.3602,0.0075,38.3554,38.3620,38.3602,15.99294,0.00451,0.00086,0.00000,14.07582
write,1,262144,262144,30,38.3671,0.0030,38.3647,38.3680,38.3671,15.99683,0.00187,0.00079,0.00002,42.64249
write,1,393216,393216,30,38.3678,0.0055,38.3632,38.3693,38.3678,15.99678,0.00213,0.00082,0.00002,46.74321
write,1,524288,524288,30,38.3656,0.0044,38.3614,38.3682,38.3656,15.99590,0.00186,0.00081,0.00002,53.06538
write,1,1048576,1048576,30,38.3511,0.0079,38.3385,38.3569,38.3511,15.99167,0.00324,0.00106,0.00004,56.92305
write,1,1572864,1572864,30,36.8691,0.2417,36.6822,37.0697,36.8691,15.37152,0.00177,0.00076,0.00005,59.50469
write,1,2097152,2097152,30,28.0294,1.4916,26.3274,28.8328,28.0294,11.71035,0.00017,0.00008,0.00008,61.76414
write,1,4194304,4194304,30,14.0101,0.3651,13.9615,14.2904,14.0101,5.84474,0.00025,0.00014,0.00031,63.24710
write,1,8388608,8388608,30,10.7629,0.1727,10.5902,10.8104,10.7629,4.48709,0.00032,0.00018,0.00053,63.74633
write,1,33554432,33554432,30,9.2935,0.0712,9.2456,9.3249,9.2935,3.87483,0.00037,0.00045,0.00064,63.91924
write,1,134217728,134217728,30,9.0128,0.0298,8.9916,9.0285,9.0128,3.75769,0.00038,0.00106,0.00072,63.99280
write,1,268435456,268435456,30,8.9961,0.0213,8.9741,9.0024,8.9961,3.75102,0.00032,0.00243,0.00068,64.01025
copy,1,16384,16384,30,74.3676,0.0740,74.3383,74.4253,74.3676,31.02729,0.00031,0.00006,0.00000,8.41086
copy,1,32768,32768,30,75.4770,0.1366,75.3452,75.5372,75.4770,31.48945,0.00032,0.00004,0.00000,12.56264
copy,1,65536,65536,30,75.0849,0.0914,75.0526,75.1721,75.0849,31.32087,0.00061,0.00019,0.00000,15.45917
copy,1,131072,131072,30,74.4872,0.1162,74.4685,74.6730,74.4872,31.03863,0.03999,0.00012,0.00000,28.25121
copy,1,262144,262144,30,68.5523,0.0871,68.4868,68.6068,68.5523,28.59414,0.48923,0.00035,0.00002,25.19254
copy,1,393216,393216,30,68.4908,0.0696,68.4805,68.5599,68.4908,28.57381,0.48867,0.00071,0.00013,28.37811
copy,1,524288,524288,30,68.4551,0.0774,68.4345,68.5205,68.4551,28.55860,0.48939,0.00156,0.00042,31.31580
copy,1,1048576,1048576,30,47.2498,1.3456,46.0089,47.8422,47.2498,19.69795,1.18734,0.22480,0.31771,60.73632
copy,1,1572864,1572864,30,29.4123,4.4369,28.3990,34.6284,29.4123,12.26411,2.40171,1.78517,2.39080,71.00478
copy,1,2097152,2097152,30,26.5087,4.4752,25.6735,29.4381,26.5087,11.05517,2.91794,2.29726,2.89631,73.19963
copy,1,4194304,4194304,30,14.0615,0.3803,13.8729,14.3610,14.0615,5.86425,3.52016,3.17363,4.70196,71.09982
copy,1,8388608,8388608,30,10.4363,0.3348,10.3259,10.6715,10.4363,4.35304,3.57555,3.47385,7.19944,65.80347
copy,1,33554432,33554432,30,9.1221,0.0306,9.0995,9.1554,9.1221,3.80519,3.23511,3.07896,7.70931,66.67584
copy,1,134217728,134217728,30,8.8751,0.0124,8.8690,8.8852,8.8751,3.70306,3.19695,3.02002,7.91997,66.70213
copy,1,268435456,268435456,30,8.8307,0.0165,8.8248,8.8395,8.8307,3.68375,3.20071,3.01913,7.97957,66.66879
read,2,16384,32768,30,150.3450,0.0974,150.2982,150.3918,75.17251,,,,,
read,2,32768,65536,30,118.0470,0.9786,117.4444,118.6237,59.02348,,,,,
read,2,65536,131072,30,119.3022,0.2519,119.0944,119.5161,59.65110,,,,,
read,2,131072,262144,30,88.2549,0.1094,88.1885,88.3014,44.12745,,,,,
read,2,262144,524288,30,88.0028,0.2798,86.9622,88.1218,44.00141,,,,,
read,2,393216,786432,30,83.0734,1.0238,81.2380,83.7231,41.53668,,,,,
read,2,524288,1048576,30,77.7754,0.7732,77.3119,78.2275,38.88772,,,,,
read,2,1048576,2097152,30,55.6009,0.2979,55.2712,55.7382,27.80045,,,,,
read,2,1572864,3145728,30,44.4632,0.9404,43.5293,44.9595,22.23160,,,,,
read,2,2097152,4194304,30,23.2837,0.2762,23.1510,23.5578,11.64185,,,,,
read,2,4194304,8388608,30,17.7534,0.1851,17.5391,17.8167,8.87670,,,,,
read,2,8388608,16777216,30,15.0650,0.1253,14.9396,15.1395,7.53251,,,,,
read,2,33554432,67108864,30,13.3117,0.2468,13.1233,13.5202,6.65586,,,,,
read,2,134217728,268435456,30,13.2527,0.1583,13.1059,13.3448,6.62635,,,,,
read,2,268435456,536870912,30,13.3081,0.1380,13.1370,13.3713,6.65404,,,,,
write,2,16384,32768,30,76.2194,0.0330,76.1897,76.2396,38.10969,,,,,
write,2,32768,65536,30,76.4564,0.0258,76.4350,76.4745,38.22818,,,,,
write,2,65536,131072,30,70.3106,0.9747,69.7856,70.9357,35.15532,,,,,
write,2,131072,262144,30,54.5576,7.0391,50.7262,62.7437,27.27881,,,,,
write,2,262144,524288,30,30.6256,4.5187,29.4924,35.1442,15.31279,,,,,
write,2,393216,786432,30,22.6534,4.3467,16.6107,26.0389,11.32668,,,,,
write,2,524288,1048576,30,20.0892,1.1958,19.2333,21.1619,10.04459,,,,,
write,2,1048576,2097152,30,14.2296,1.5938,12.6077,15.2074,7.11482,,,,,
write,2,1572864,3145728,30,13.7675,0.9517,13.3636,14.6285,6.88373,,,,,
write,2,2097152,4194304,30,12.6556,0.3867,12.5176,12.9326,6.32782,,,,,
write,2,4194304,8388608,30,11.0652,0.1084,10.9992,11.1401,5.53262,,,,,
write,2,8388608,16777216,30,10.1371,0.2530,10.0360,10.3408,5.06854,,,,,
write,2,33554432,67108864,30,9.8495,0.2698,9.6492,10.0176,4.92476,,,,,
write,2,134217728,268435456,30,9.8201,0.4387,9.5003,10.0053,4.91004,,,,,
write,2,268435456,536870912,30,9.6543,0.3033,9.3694,9.8267,4.82717,,,,,
copy,2,16384,32768,30,148.5805,0.2312,148.3403,148.7246,74.29027,,,,,
copy,2,32768,65536,30,150.2546,0.4178,150.1387,150.5770,75.12732,,,,,
copy,2,65536,131072,30,144.0777,1.8193,143.0046,145.1540,72.03887,,,,,
copy,2,131072,262144,30,130.8233,3.3456,126.4601,132.6292,65.41163,,,,,
copy,2,262144,524288,30,59.5476,3.3402,56.6425,61.8602,29.77378,,,,,
copy,2,393216,786432,30,43.5412,10.1859,37.2630,49.2359,21.77061,,,,,
copy,2,524288,1048576,30,46.5648,5.5686,44.4642,49.8787,23.28239,,,,,
copy,2,1048576,2097152,30,23.1463,1.1583,22.2875,23.9309,11.57315,,,,,
copy,2,1572864,3145728,30,15.4930,0.5848,14.3964,15.8426,7.74650,,,,,
copy,2,2097152,4194304,30,12.2805,0.1985,12.1702,12.3611,6.14025,,,,,
copy,2,4194304,8388608,30,9.4982,0.3106,9.1812,9.6596,4.74909,,,,,
copy,2,8388608,16777216,30,8.6576,0.1762,8.5495,8.8196,4.32880,,,,,
copy,2,33554432,67108864,30,8.5229,0.1650,8.3961,8.6409,4.26146,,,,,
copy,2,134217728,268435456,30,8.2817,0.2968,8.1246,8.4836,4.14087,,,,,
copy,2,268435456,536870912,30,8.2454,0.2812,8.0400,8.4216,4.12269,,,,,
read,3,16384,49152,30,225.6509,0.3783,225.6287,225.9547,75.21698,,,,,
read,3,32768,98304,30,176.1109,0.9076,175.7771,177.0293,58.70365,,,,,
read,3,65536,196608,30,179.0321,0.3234,178.6541,179.2188,59.67738,,,,,
read,3,131072,393216,30,132.1852,0.2346,132.0074,132.3179,44.06173,,,,,
read,3,262144,786432,30,131.9045,0.3325,131.7056,132.1053,43.96817,,,,,
read,3,393216,1179648,30,124.4995,1.2660,123.8704,126.4012,41.49982,,,,,
read,3,524288,1572864,30,94.1015,2.3840,85.2136,94.9262,31.36715,,,,,
read,3,1048576,3145728,30,34.1549,0.6709,33.1277,34.5631,11.38497,,,,,
read,3,1572864,4718592,30,25.3425,0.4649,24.8007,25.6235,8.44748,,,,,
read,3,2097152,6291456,30,17.8093,0.2215,17.7479,18.0188,5.93643,,,,,
read,3,4194304,12582912,30,13.1561,0.0844,13.1227,13.1935,4.38536,,,,,
read,3,8388608,25165824,30,13.1879,0.1145,13.0949,13.2473,4.39596,,,,,
read,3,33554432,100663296,30,12.8771,0.0731,12.8347,12.9270,4.29237,,,,,
read,3,134217728,402653184,30,12.7919,0.0348,12.7711,12.8200,4.26398,,,,,
read,3,268435456,805306368,30,12.8135,0.0397,12.7679,12.8342,4.27116,,,,,
write,3,16384,49152,30,114.3032,0.1018,114.2630,114.3549,38.10107,,,,,
write,3,32768,98304,30,114.4970,0.1869,114.3769,114.6350,38.16568,,,,,
write,3,65536,196608,30,81.2881,15.7327,75.8761,92.2399,27.09602,,,,,
write,3,131072,393216,30,45.8307,2.8059,43.7725,47.6535,15.27691,,,,,
write,3,262144,786432,30,25.9212,1.9331,24.3055,26.9056,8.64040,,,,,
write,3,393216,1179648,30,21.0009,0.8981,20.5758,21.5204,7.00031,,,,,
write,3,524288,1572864,30,19.1414,0.5073,18.7703,19.5260,6.38046,,,,,
write,3,1048576,3145728,30,14.6136,0.3141,14.3439,14.7454,4.87119,,,,,
write,3,1572864,4718592,30,12.1784,0.3270,11.8095,12.3939,4.05946,,,,,
write,3,2097152,6291456,30,12.1311,0.1384,12.0801,12.2290,4.04370,,,,,
write,3,4194304,12582912,30,10.6129,0.2587,10.5205,10.8636,3.53765,,,,,
write,3,8388608,25165824,30,10.3339,0.1703,10.2074,10.3951,3.44463,,,,,
write,3,33554432,100663296,30,9.7229,0.1925,9.6349,9.8678,3.24096,,,,,
write,3,134217728,402653184,30,9.6867,0.1170,9.6345,9.7579,3.22888,,,,,
write,3,268435456,805306368,30,9.6284,0.1106,9.5848,9.7447,3.20946,,,,,
copy,3,16384,49152,30,222.6380,0.4191,222.2886,222.8505,74.21267,,,,,
copy,3,32768,98304,30,225.2652,0.6044,224.6949,225.6345,75.08840,,,,,
copy,3,65536,196608,30,198.6685,7.5373,191.0522,203.3469,66.22284,,,,,
copy,3,131072,393216,30,91.6197,13.4747,80.2651,96.8511,30.53990,,,,,
copy,3,262144,786432,30,67.8063,9.5021,61.2395,77.4560,22.60210,,,,,
copy,3,393216,1179648,30,45.4817,4.8566,41.9414,47.5217,15.16056,,,,,
copy,3,524288,1572864,30,43.9740,3.3502,41.2440,46.1457,14.65799,,,,,
copy,3,1048576,3145728,30,20.7143,1.8751,19.5800,22.7189,6.90475,,,,,
copy,3,1572864,4718592,30,12.1015,0.1525,12.0309,12.2450,4.03385,,,,,
copy,3,2097152,6291456,30,10.0972,0.1552,9.9833,10.2025,3.36572,,,,,
copy,3,4194304,12582912,30,8.4277,0.0821,8.3743,8.4642,2.80922,,,,,
copy,3,8388608,25165824,30,8.0120,0.0711,7.9305,8.0240,2.67068,,,,,
copy,3,33554432,100663296,30,7.6589,0.0647,7.6173,7.6912,2.55297,,,,,
copy,3,134217728,402653184,30,7.6264,0.0585,7.6064,7.6704,2.54212,,,,,
copy,3,268435456,805306368,30,7.6106,0.0569,7.5931,7.6572,2.53686,,,,,
read,4,16384,65536,30,300.9304,0.5163,300.2758,301.3621,75.23259,,,,,
read,4,32768,131072,30,233.6357,0.6854,233.1846,233.9732,58.40893,,,,,
read,4,65536,262144,30,238.2005,0.6486,237.6218,238.5844,59.55013,,,,,
read,4,131072,524288,30,175.7405,0.5379,175.4656,176.0313,43.93512,,,,,
read,4,262144,1048576,30,173.2443,0.9877,172.5477,173.7613,43.31106,,,,,
read,4,393216,1572864,30,127.6127,16.7705,118.4393,139.2960,31.90317,,,,,
read,4,524288,2097152,30,28.9480,0.4334,28.7590,30.7479,7.23700,,,,,
read,4,1048576,4194304,30,16.0909,0.1994,16.0546,16.3843,4.02272,,,,,
read,4,1572864,6291456,30,14.6640,0.0879,14.6232,14.8192,3.66599,,,,,
read,4,2097152,8388608,30,14.6270,0.2943,14.3706,14.7346,3.65675,,,,,
read,4,4194304,16777216,30,13.5971,0.0363,13.5640,13.6172,3.39927,,,,,
read,4,8388608,33554432,30,12.7405,0.0537,12.7047,12.7635,3.18513,,,,,
read,4,33554432,134217728,30,12.3679,0.0386,12.3414,12.3922,3.09198,,,,,
read,4,134217728,536870912,30,12.3941,0.0394,12.3575,12.4045,3.09852,,,,,
read,4,268435456,1073741824,30,12.4217,0.0408,12.4086,12.4377,3.10544,,,,,
write,4,16384,65536,30,152.3046,0.1372,152.2418,152.4087,38.07615,,,,,
write,4,32768,131072,30,151.9604,1.1308,113.1301,152.6036,37.99009,,,,,
write,4,65536,262144,30,81.4363,6.6742,75.7229,83.5358,20.35906,,,,,
write,4,131072,524288,30,39.4810,1.8016,38.6219,40.8767,9.87026,,,,,
write,4,262144,1048576,30,24.8618,1.1748,24.0589,25.6281,6.21546,,,,,
write,4,393216,1572864,30,19.5404,1.1129,18.2676,20.1430,4.88511,,,,,
write,4,524288,2097152,30,17.3802,0.6790,16.9055,17.8590,4.34505,,,,,
write,4,1048576,4194304,30,13.0735,0.2074,12.9433,13.2264,3.26838,,,,,
write,4,1572864,6291456,30,11.8017,0.2791,11.4912,11.8957,2.95043,,,,,
write,4,2097152,8388608,30,11.2242,0.1010,11.1520,11.2990,2.80606,,,,,
write,4,4194304,16777216,30,10.1829,0.2215,9.9967,10.3174,2.54573,,,,,
write,4,8388608,33554432,30,9.6902,0.2169,9.5504,9.8421,2.42255,,,,,
write,4,33554432,134217728,30,9.3655,0.1295,9.3452,9.5085,2.34137,,,,,
write,4,134217728,536870912,30,9.3166,0.1563,9.2119,9.3761,2.32915,,,,,
write,4,268435456,1073741824,30,9.2797,0.1085,9.2425,9.3404,2.31992,,,,,
copy,4,16384,65536,30,296.4318,0.8831,295.2020,296.8613,74.10796,,,,,
copy,4,32768,131072,30,286.8912,13.5096,267.8206,292.6609,71.72279,,,,,
copy,4,65536,262144,30,174.2089,21.9397,156.0177,193.7090,43.55223,,,,,
copy,4,131072,524288,30,92.6665,13.3974,87.1692,102.4668,23.16663,,,,,
copy,4,262144,1048576,30,57.0603,3.4869,55.0100,59.2654,14.26507,,,,,
copy,4,393216,1572864,30,45.9014,1.9861,45.1026,47.9549,11.47535,,,,,
copy,4,524288,2097152,30,39.2739,1.9324,38.8623,41.2046,9.81848,,,,,
copy,4,1048576,4194304,30,13.8942,0.3896,13.6786,14.1377,3.47356,,,,,
copy,4,1572864,6291456,30,9.9112,0.0835,9.8631,9.9849,2.47779,,,,,
copy,4,2097152,8388608,30,8.7569,0.0738,8.7029,8.8187,2.18923,,,,,
copy,4,4194304,16777216,30,7.8247,0.0533,7.7909,7.8669,1.95617,,,,,
copy,4,8388608,33554432,30,7.3726,0.0738,7.3150,7.4082,1.84314,,,,,
copy,4,33554432,134217728,30,7.2041,0.0409,7.1617,7.2248,1.80102,,,,,
copy,4,134217728,536870912,30,7.2001,0.0418,7.1833,7.2316,1.80002,,,,,
copy,4,268435456,1073741824,30,7.2014,0.0369,7.1837,7.2239,1.80035,,,,,
