kind,a,b,c,d,e,f,g,h,i,j,k
stride_header,region,stride_lines,ns,cycles,ratio_vs_random,l1r,l2r,l3r,llmiss,bus,walk
stride,L2-resident,1,1.9030,4.562,0.3937,0.05608,0.00014,0.00000,0.00000,0.0092,0.00000
stride,L2-resident,2,4.9499,11.872,1.0242,0.96537,0.00035,0.00000,0.00000,0.0108,0.00000
stride,L2-resident,3,3.6145,8.666,0.7479,0.62069,0.00051,0.00001,0.00001,0.0120,0.00000
stride,L2-resident,4,4.7883,11.482,0.9908,0.91464,0.00046,0.00000,0.00000,0.0107,0.00000
stride,L2-resident,5,4.2259,10.136,0.8744,0.84566,0.00066,0.00001,0.00001,0.0115,0.00000
stride,L2-resident,6,4.8920,11.734,1.0122,0.94541,0.00085,0.00003,0.00003,0.0133,0.00000
stride,L2-resident,8,4.4772,10.738,0.9264,0.82004,0.00049,0.00001,0.00001,0.0077,0.00000
stride,L2-resident,10,3.6841,8.836,0.7623,0.56837,0.00046,0.00001,0.00001,0.0085,0.00000
stride,L2-resident,12,4.3555,10.444,0.9012,0.78703,0.00064,0.00000,0.00000,0.0092,0.00000
stride,L2-resident,16,4.6083,11.054,0.9535,0.86238,0.00042,0.00000,0.00000,0.0076,0.00000
stride,L2-resident,18,4.6681,11.197,0.9659,0.88243,0.00059,0.00000,0.00000,0.0085,0.00000
stride,L2-resident,20,4.7726,11.447,0.9875,0.91508,0.00072,0.00000,0.00000,0.0094,0.00000
stride,L2-resident,21,4.6460,11.145,0.9613,1.00000,0.00078,0.00000,0.00000,0.0066,0.00000
stride,L2-resident,22,5.0627,12.143,1.0475,1.00000,0.00090,0.00000,0.00000,0.0071,0.00000
stride,L2-resident,23,4.6493,11.151,0.9620,1.00000,0.00076,0.00000,0.00000,0.0064,0.00000
stride,L2-resident,24,5.0635,12.144,1.0477,1.00000,0.00093,0.00000,0.00000,0.0078,0.00000
stride,L2-resident,32,5.0605,12.137,1.0471,1.00000,0.00075,0.00000,0.00000,0.0061,0.00000
stride,L2-resident,48,5.0085,12.013,1.0363,1.00000,0.00093,0.00000,0.00000,0.0078,0.00000
stride,L2-resident,64,5.0584,12.133,1.0466,1.00000,0.00085,0.00000,0.00000,0.0066,0.00000
stride,L2-resident,96,5.0547,12.125,1.0459,1.00000,0.00091,0.00000,0.00000,0.0075,0.00000
stride,L2-resident,128,5.0563,12.125,1.0462,1.00000,0.00094,0.00000,0.00000,0.0078,0.00000
stride,L2-resident,-1,1.9009,4.561,0.3933,0.05587,0.00019,0.00000,0.00000,0.0095,0.00000
stride,L2-resident,-2,4.9493,11.870,1.0241,0.96469,0.00040,0.00000,0.00000,0.0126,0.00000
stride,L2-resident,-4,4.8043,11.523,0.9941,0.91871,0.00067,0.00001,0.00001,0.0115,0.00000
stride,L2-resident,-8,4.4268,10.613,0.9159,0.80408,0.00055,0.00001,0.00001,0.0083,0.00000
stride,L2-resident,-16,4.6817,11.225,0.9687,0.89012,0.00052,0.00000,0.00000,0.0115,0.00000
stride,L2-resident,-64,5.0576,12.130,1.0465,1.00000,0.00077,0.00000,0.00000,0.0063,0.00000
stride,L2-resident,random,4.8330,11.585,1.0000,1.00000,0.00094,0.00000,0.00000,0.0075,0.00000
stride,L3-resident,1,2.0635,4.949,0.1364,0.06448,0.00014,0.00005,0.00005,6.8374,0.00000
stride,L3-resident,2,5.8276,13.972,0.3851,0.99039,0.00407,0.00002,0.00002,6.7264,0.00000
stride,L3-resident,3,4.7479,11.387,0.3138,0.72966,0.13524,0.00000,0.00000,5.8932,0.00000
stride,L3-resident,4,6.5059,15.604,0.4299,0.97715,0.06000,0.00002,0.00002,6.7861,0.00000
stride,L3-resident,5,6.6589,15.973,0.4401,0.85245,0.28610,0.00000,0.00000,6.1212,0.00000
stride,L3-resident,6,7.8098,18.731,0.5161,0.97434,0.26878,0.00001,0.00001,6.0730,0.00000
stride,L3-resident,8,6.5370,15.679,0.4320,0.69641,0.28594,0.00004,0.00004,6.4627,0.00000
stride,L3-resident,10,5.7547,13.800,0.3803,0.53302,0.20968,0.00001,0.00001,6.2590,0.00000
stride,L3-resident,12,6.5774,15.776,0.4347,0.75290,0.24303,0.00001,0.00001,6.3163,0.00000
stride,L3-resident,16,6.0113,14.419,0.3973,0.66803,0.14463,0.00001,0.00001,6.9870,0.00000
stride,L3-resident,18,4.3872,10.517,0.2899,0.58338,0.01257,0.00002,0.00002,6.8492,0.00000
stride,L3-resident,20,5.4589,13.094,0.3607,0.69683,0.14690,0.00002,0.00002,6.6277,0.00000
stride,L3-resident,21,4.3482,10.429,0.2873,0.68545,0.04807,0.00000,0.00000,6.9365,0.00000
stride,L3-resident,22,15.1479,36.333,1.0010,1.00000,0.87555,0.00000,0.00000,8.2261,0.00000
stride,L3-resident,23,14.3263,34.357,0.9467,1.00000,0.91923,0.00000,0.00000,8.2130,0.00000
stride,L3-resident,24,15.9867,38.339,1.0565,1.00000,0.94360,0.00000,0.00000,8.6162,0.00000
stride,L3-resident,32,15.6886,37.617,1.0368,1.00000,0.91374,0.00000,0.00000,8.1356,0.00000
stride,L3-resident,48,16.2856,39.062,1.0762,1.00000,0.96377,0.00001,0.00001,9.0276,0.00000
stride,L3-resident,64,15.8304,37.965,1.0461,1.00000,0.91528,0.00000,0.00000,8.3831,0.00000
stride,L3-resident,96,16.1703,38.779,1.0686,1.00000,0.94257,0.00000,0.00000,8.3647,0.00000
stride,L3-resident,128,15.8783,38.085,1.0493,1.00000,0.90522,0.00000,0.00000,7.8559,0.00000
stride,L3-resident,256,16.5895,39.787,1.0963,1.00000,0.90155,0.00000,0.00000,7.9052,0.00000
stride,L3-resident,512,15.8905,38.104,1.0501,1.00000,0.93181,0.00000,0.00000,7.8792,0.00000
stride,L3-resident,-1,2.0609,4.942,0.1362,0.06357,0.00046,0.00003,0.00003,6.6593,0.00000
stride,L3-resident,-2,5.8755,14.089,0.3883,0.98869,0.00600,0.00002,0.00002,6.6427,0.00000
stride,L3-resident,-4,7.6745,18.402,0.5072,0.95986,0.22895,0.00001,0.00001,6.6482,0.00000
stride,L3-resident,-8,6.5436,15.693,0.4324,0.69613,0.28400,0.00005,0.00005,6.4660,0.00000
stride,L3-resident,-16,4.9602,11.893,0.3278,0.75048,0.00360,0.00002,0.00002,6.9682,0.00000
stride,L3-resident,-64,15.7729,37.824,1.0423,1.00000,0.91133,0.00000,0.00000,8.2908,0.00000
stride,L3-resident,random,15.1322,36.294,1.0000,1.00000,0.92525,0.00000,0.00000,7.7588,0.00000
stride,DRAM,1,4.5611,10.915,0.0414,0.86935,0.92738,0.98255,0.98255,7.9990,0.00384
stride,DRAM,2,21.7243,52.068,0.1971,0.96255,0.22629,1.01489,1.01489,8.8133,0.00751
stride,DRAM,3,21.8307,52.287,0.1981,0.75817,0.29514,1.00151,1.00151,8.1551,0.01079
stride,DRAM,4,26.2115,62.816,0.2378,0.73177,0.27538,1.00726,1.00726,8.7336,0.01432
stride,DRAM,5,26.2845,62.929,0.2385,0.70915,0.34701,1.02281,1.02281,8.3345,0.01809
stride,DRAM,6,29.8326,71.491,0.2707,0.77750,0.34983,1.01660,1.01660,8.3469,0.02148
stride,DRAM,8,28.1235,67.422,0.2552,0.70295,0.37047,1.00388,1.00388,8.0956,0.02889
stride,DRAM,10,25.8164,61.857,0.2342,0.56492,0.27947,1.02769,1.02769,8.3833,0.03579
stride,DRAM,12,27.5814,66.106,0.2503,0.76418,0.37308,1.06982,1.06982,8.6658,0.04320
stride,DRAM,16,10.1557,24.324,0.0921,0.82601,0.35168,1.02328,1.02328,8.2744,0.05750
stride,DRAM,18,15.0173,35.973,0.1363,0.76226,0.30274,1.09728,1.09728,8.9669,0.06399
stride,DRAM,20,19.5794,46.908,0.1777,0.80386,0.34071,1.13250,1.13250,9.2281,0.07093
stride,DRAM,21,28.7827,68.978,0.2612,0.84678,0.42503,1.16825,1.16825,9.5691,0.07519
stride,DRAM,22,101.6986,243.914,0.9228,0.99995,1.00991,1.26216,1.26216,10.2915,0.07964
stride,DRAM,23,101.2343,242.768,0.9186,0.99995,1.01122,1.25721,1.25721,10.2813,0.08355
stride,DRAM,24,102.5736,245.900,0.9307,0.99995,1.00291,1.29604,1.29604,10.3857,0.08713
stride,DRAM,32,102.6823,246.236,0.9317,0.99995,1.00104,1.14567,1.14567,9.1831,0.11610
stride,DRAM,48,103.0507,247.024,0.9350,0.99995,1.00299,1.26742,1.26742,10.1459,0.17605
stride,DRAM,64,102.8976,246.737,0.9337,0.99995,1.00108,1.21572,1.21572,9.7716,0.23711
stride,DRAM,96,103.4226,247.879,0.9384,0.99995,1.00294,1.28953,1.28953,10.3657,0.35645
stride,DRAM,128,103.5753,248.371,0.9398,0.99995,1.00105,1.20006,1.20006,9.6544,0.47667
stride,DRAM,256,105.9385,254.023,0.9612,0.99996,1.00108,1.17935,1.17935,9.5262,0.94053
stride,DRAM,512,112.1704,269.008,1.0178,0.99997,1.00200,1.21492,1.21492,9.8527,0.97256
stride,DRAM,1024,112.4717,269.673,1.0205,0.99997,1.00385,1.34006,1.34006,10.9280,0.98998
stride,DRAM,4096,112.7376,270.255,1.0229,0.99997,1.00714,1.23325,1.23325,10.4065,0.97945
stride,DRAM,-1,4.6439,11.113,0.0421,0.86971,0.92789,0.98286,0.98286,8.0000,0.00382
stride,DRAM,-2,26.1885,62.722,0.2376,0.95532,0.28259,1.02074,1.02074,8.8335,0.00750
stride,DRAM,-4,31.1595,74.698,0.2827,0.79720,0.34349,1.00274,1.00274,8.8408,0.01436
stride,DRAM,-8,28.1303,67.400,0.2552,0.70679,0.36359,1.02692,1.02692,8.2646,0.02891
stride,DRAM,-16,13.3203,31.921,0.1209,0.82864,0.29025,1.04435,1.04435,8.4655,0.05806
stride,DRAM,-64,103.0125,247.012,0.9347,0.99995,1.00097,1.19925,1.19925,9.6252,0.23610
stride,DRAM,random,110.2091,264.195,1.0000,0.99997,1.00832,1.15809,1.15809,9.4486,0.69271
streams_header,S,ns,ratio_vs_random,bus,l2r,ll
streams,1,3.6568,0.0332,7.8730,0.68599,0.77701
streams,2,4.6531,0.0422,8.9683,0.31522,0.93660
streams,3,7.5229,0.0683,9.4625,0.31555,1.00192
streams,4,7.2771,0.0660,10.3130,0.36837,1.00104
streams,5,5.7341,0.0520,10.7639,0.34726,1.00146
streams,6,6.1169,0.0555,11.3752,0.42460,1.00209
streams,7,6.0923,0.0553,12.1421,0.52095,1.00331
streams,8,6.3567,0.0577,12.7708,0.59910,1.00481
streams,9,6.6066,0.0599,13.3550,0.67143,1.00763
streams,10,7.0864,0.0643,13.7948,0.72748,1.01155
streams,12,7.3630,0.0668,14.4406,0.81319,1.02123
streams,14,7.7914,0.0707,14.7716,0.85534,1.02770
streams,16,9.2053,0.0835,23.8122,0.87977,1.05431
streams,17,29.7041,0.2695,8.6662,0.30699,1.00101
streams,18,86.5800,0.7856,8.5079,0.87072,1.00075
streams,19,59.9955,0.5444,10.2308,0.77684,1.00308
streams,20,72.1349,0.6545,9.2314,0.79307,1.00159
streams,24,81.9459,0.7435,8.7412,0.85953,1.00098
streams,32,85.7397,0.7780,8.6759,0.89953,1.00113
cold_header,kind,stride,n,bus_per_stream,bus_lines_extra_vs_n1,llmiss_per_stream,l2r,l3r
cold,load,1,1,13.531,0.000,1.023,1.609,1.023
cold,load,1,2,28.312,0.848,2.758,2.375,2.758
cold,load,1,3,42.031,1.562,4.500,2.664,4.500
cold,load,1,4,122.000,10.559,14.055,5.141,14.055
cold,load,1,6,170.688,14.645,20.008,7.062,20.008
cold,load,1,8,210.094,17.570,24.797,9.125,24.797
cold,load,1,12,224.219,15.336,26.484,11.539,26.484
cold,load,1,16,241.844,13.539,27.516,15.805,27.516
cold,load,1,24,396.625,24.887,47.008,15.031,47.008
cold,load,1,32,546.906,35.672,64.844,25.172,64.844
cold,load,1,48,713.625,40.512,86.828,32.031,86.828
cold,load,1,64,836.516,39.873,101.281,32.133,101.281
cold,load,1,96,1100.750,40.902,133.766,47.094,133.766
cold,load,1,128,1351.625,40.262,164.336,71.039,164.336
cold,load,1,192,1856.125,39.324,227.711,132.477,227.711
cold,load,1,256,2375.320,40.224,291.125,190.414,291.125
cold,load,2,1,15.375,0.000,1.023,1.875,1.023
cold,load,2,2,27.656,0.535,2.711,2.359,2.711
cold,load,2,3,42.250,1.359,4.391,2.672,4.391
cold,load,2,4,78.531,4.895,8.711,5.094,8.711
cold,load,2,6,119.312,7.992,13.828,6.648,13.828
cold,load,2,8,153.156,10.223,17.984,8.398,17.984
cold,load,2,12,205.438,12.758,24.555,13.812,24.555
cold,load,2,16,253.875,14.812,29.133,15.547,29.133
cold,load,2,24,319.062,14.961,38.672,14.789,38.672
cold,load,2,32,379.812,14.555,45.992,18.391,45.992
cold,load,2,48,512.688,15.164,62.391,26.391,62.391
cold,load,2,64,640.438,15.133,78.258,44.422,78.258
cold,load,2,96,895.688,15.039,110.062,74.336,110.062
cold,load,2,128,1154.969,15.449,142.141,104.094,142.141
cold,load,2,192,1667.812,15.555,206.961,162.648,206.961
cold,load,2,256,2182.844,15.934,270.633,224.047,270.633
cold,load,3,1,13.656,0.000,1.000,1.617,1.000
cold,load,3,2,27.375,0.715,2.703,2.305,2.703
cold,load,3,3,42.375,1.590,4.516,2.703,4.516
cold,load,3,4,78.500,5.105,8.938,5.328,8.938
cold,load,3,6,118.500,8.105,13.633,8.203,13.633
cold,load,3,8,148.844,9.898,17.469,10.328,17.469
cold,load,3,12,213.719,14.008,25.031,14.188,25.031
cold,load,3,16,257.906,15.531,29.023,16.922,29.023
cold,load,3,24,321.062,15.426,38.133,15.836,38.133
cold,load,3,32,386.656,15.625,45.859,19.195,45.859
cold,load,3,48,514.812,15.645,61.844,30.414,61.844
cold,load,3,64,642.156,15.562,77.594,45.609,77.594
cold,load,3,96,901.625,15.996,109.781,72.164,109.781
cold,load,3,128,1164.000,16.793,142.859,100.203,142.859
cold,load,3,192,1674.859,16.650,205.516,161.148,205.516
cold,load,3,256,2187.062,16.676,269.438,220.602,269.438
cold,load,4,1,15.688,0.000,1.266,1.891,1.266
cold,load,4,2,27.781,0.512,2.758,2.438,2.758
cold,load,4,3,41.469,1.223,4.484,2.656,4.484
cold,load,4,4,75.844,4.520,8.664,4.781,8.664
cold,load,4,6,113.125,7.180,13.227,8.258,13.227
cold,load,4,8,141.500,8.727,16.742,9.531,16.742
cold,load,4,12,204.125,12.555,24.422,14.219,24.422
cold,load,4,16,260.250,15.570,29.930,17.109,29.930
cold,load,4,24,328.500,16.102,38.930,17.188,38.930
cold,load,4,32,386.594,15.363,47.062,18.789,47.062
cold,load,4,48,514.938,15.406,62.953,28.719,62.953
cold,load,4,64,642.625,15.367,79.078,41.922,79.078
cold,load,4,96,898.688,15.375,111.352,70.164,111.352
cold,load,4,128,1158.906,15.902,143.312,99.336,143.312
cold,load,4,192,1673.250,16.195,208.352,159.133,208.352
cold,load,4,256,2187.469,16.473,272.727,210.211,272.727
cold,load,8,1,13.719,0.000,1.016,1.633,1.016
cold,load,8,2,27.969,0.781,2.734,2.430,2.734
cold,load,8,3,36.531,0.852,3.875,3.266,3.875
cold,load,8,4,45.344,0.953,4.922,3.484,4.922
cold,load,8,6,107.281,6.695,12.617,8.195,12.617
cold,load,8,8,130.719,7.625,15.383,8.383,15.383
cold,load,8,12,197.938,12.027,23.648,14.172,23.648
cold,load,8,16,249.938,14.527,29.773,15.836,29.773
cold,load,8,24,340.562,17.855,38.172,18.930,38.172
cold,load,8,32,387.156,15.680,47.609,21.047,47.609
cold,load,8,48,516.031,15.789,63.844,28.469,63.844
cold,load,8,64,646.469,16.094,80.070,39.102,80.070
cold,load,8,96,903.906,16.273,112.219,63.008,112.219
cold,load,8,128,1162.781,16.633,144.398,82.852,144.398
cold,load,8,192,1674.719,16.625,208.469,126.750,208.469
cold,load,8,256,2187.062,16.668,272.484,170.508,272.484
cold,load,16,1,14.188,0.000,1.016,1.672,1.016
cold,load,16,2,21.500,-0.086,1.984,2.648,1.984
cold,load,16,3,29.594,-0.074,2.977,3.641,2.977
cold,load,16,4,37.344,-0.105,3.953,4.648,3.953
cold,load,16,6,103.344,6.145,11.859,8.359,11.859
cold,load,16,8,69.312,-0.109,7.961,8.711,7.961
cold,load,16,12,101.875,-0.039,12.000,12.625,12.000
cold,load,16,16,133.406,-0.098,16.008,16.633,16.008
cold,load,16,24,311.219,14.129,35.031,19.352,35.031
cold,load,16,32,385.531,15.418,47.320,19.352,47.320
cold,load,16,48,516.750,15.820,63.445,25.328,63.445
cold,load,16,64,648.094,16.238,79.883,32.969,79.883
cold,load,16,96,905.438,16.406,112.141,44.039,112.141
cold,load,16,128,1161.719,16.441,144.125,56.398,144.125
cold,load,16,192,1680.875,17.336,209.094,82.188,209.094
cold,load,16,256,2192.219,17.254,272.242,103.562,272.242
cold,load,-1,1,15.906,0.000,2.000,2.000,2.000
cold,load,-1,2,21.719,-0.273,2.016,2.656,2.016
cold,load,-1,3,37.812,0.738,4.008,3.094,4.008
cold,load,-1,4,85.875,5.746,10.016,4.148,10.016
cold,load,-1,6,167.906,14.000,19.977,5.117,19.977
cold,load,-1,8,220.000,18.512,26.438,6.398,26.438
cold,load,-1,12,249.031,18.141,30.156,9.000,30.156
cold,load,-1,16,271.531,16.953,32.711,11.750,32.711
cold,load,-1,24,399.750,24.980,48.555,11.055,48.555
cold,load,-1,32,528.156,33.031,63.883,20.195,63.883
cold,load,-1,48,719.656,40.969,88.133,29.109,88.133
cold,load,-1,64,842.938,40.379,103.555,29.906,103.555
cold,load,-1,96,1104.688,41.098,135.773,43.562,135.773
cold,load,-1,128,1352.250,40.043,166.562,68.086,166.562
cold,load,-1,192,1862.781,39.859,230.328,130.766,230.328
cold,load,-1,256,2298.000,30.262,284.547,189.891,284.547
cold,load,-2,1,16.000,0.000,1.414,1.938,1.414
cold,load,-2,2,22.188,-0.227,1.992,2.719,1.992
cold,load,-2,3,37.188,0.648,3.836,3.109,3.836
cold,load,-2,4,78.094,4.762,8.445,5.375,8.445
cold,load,-2,6,114.562,7.320,13.070,6.805,13.070
cold,load,-2,8,145.062,9.133,16.500,8.250,16.500
cold,load,-2,12,217.375,14.172,25.164,13.664,25.164
cold,load,-2,16,259.062,15.383,29.211,15.523,29.211
cold,load,-2,24,321.438,15.180,37.883,15.172,37.883
cold,load,-2,32,383.281,14.910,45.539,19.422,45.539
cold,load,-2,48,517.000,15.625,61.297,23.047,61.297
cold,load,-2,64,643.156,15.395,76.102,30.328,76.102
cold,load,-2,96,901.844,15.730,108.734,60.070,108.734
cold,load,-2,128,1163.219,16.402,140.812,89.773,140.812
cold,load,-2,192,1677.969,16.746,203.641,133.391,203.641
cold,load,-2,256,2188.688,16.586,268.562,190.172,268.562
cold,store,1,1,16.031,0.000,1.828,1.656,1.828
cold,store,1,2,22.625,-0.176,2.141,2.352,2.141
cold,store,1,3,31.812,-0.027,3.188,2.914,3.188
cold,store,1,4,115.125,9.387,13.148,2.680,13.148
cold,store,1,6,146.125,11.262,16.438,2.758,16.438
cold,store,1,8,170.688,12.332,19.375,3.055,19.375
cold,store,1,12,211.156,13.391,23.828,3.312,23.828
cold,store,1,16,228.375,11.543,27.023,2.812,27.023
cold,store,1,24,270.312,8.785,31.789,3.094,31.789
cold,store,1,32,327.438,7.926,38.977,2.891,38.977
cold,store,1,48,455.500,7.934,54.961,3.812,54.961
cold,store,1,64,518.844,-0.148,62.570,2.609,62.570
cold,store,1,96,842.344,8.289,102.570,6.055,102.570
cold,store,1,128,1030.078,-0.244,126.023,5.414,126.023
cold,store,1,192,1542.188,-0.230,189.695,7.438,189.695
cold,store,1,256,2053.688,-0.293,253.922,10.164,253.922
boundary_header,variant,dir,kind,bus_per_stream,extra_lines,ll_per_stream,candidates
boundary,pool/B=4096,asc,ends_at_boundary,271.094,17.195,33.609,97536
boundary,pool/B=4096,asc,crosses_boundary,330.156,24.578,41.094,97536
boundary,pool/B=4096,asc,mid_block,252.906,14.922,31.352,97536
boundary,pool/B=4096,desc,ends_at_boundary,266.562,16.629,33.125,97536
boundary,pool/B=4096,desc,crosses_boundary,330.969,24.680,41.125,97536
boundary,pool/B=4096,desc,mid_block,246.406,14.109,30.516,97536
boundary,pool/B=16384/noncontig,asc,ends_at_boundary,252.531,14.875,31.367,24384
boundary,pool/B=16384/noncontig,asc,crosses_boundary,332.875,24.918,41.422,24384
boundary,pool/B=16384/noncontig,asc,mid_block,322.375,23.605,39.922,24384
boundary,pool/B=16384/noncontig,desc,ends_at_boundary,248.906,14.422,30.977,24384
boundary,pool/B=16384/noncontig,desc,crosses_boundary,332.281,24.844,41.320,24384
boundary,pool/B=16384/noncontig,desc,mid_block,321.531,23.500,39.664,24384
boundary,pool/B=65536/noncontig,asc,ends_at_boundary,245.938,14.051,30.672,6096
boundary,pool/B=65536/noncontig,asc,crosses_boundary,336.250,25.340,41.820,6096
boundary,pool/B=65536/noncontig,asc,mid_block,327.281,24.219,40.672,6096
boundary,pool/B=65536/noncontig,desc,ends_at_boundary,248.938,14.426,30.844,6096
boundary,pool/B=65536/noncontig,desc,crosses_boundary,332.906,24.922,41.453,6096
boundary,pool/B=65536/noncontig,desc,mid_block,320.656,23.391,39.289,6096
boundary,pool/B=2097152/noncontig,asc,ends_at_boundary,235.812,12.785,29.109,254
boundary,pool/B=2097152/noncontig,asc,crosses_boundary,331.344,24.727,40.570,254
boundary,pool/B=2097152/noncontig,asc,mid_block,330.094,24.570,40.031,254
boundary,pool/B=2097152/noncontig,desc,ends_at_boundary,247.969,14.305,30.688,254
boundary,pool/B=2097152/noncontig,desc,crosses_boundary,332.312,24.848,40.672,254
boundary,pool/B=2097152/noncontig,desc,mid_block,341.281,25.969,39.477,254
boundary,cma/B=4096,asc,ends_at_boundary,269.625,17.012,33.422,6120
boundary,cma/B=4096,asc,crosses_boundary,328.500,24.371,40.781,6120
boundary,cma/B=4096,asc,mid_block,247.625,14.262,30.711,6120
boundary,cma/B=4096,desc,ends_at_boundary,264.969,16.430,32.789,6120
boundary,cma/B=4096,desc,crosses_boundary,326.656,24.141,40.531,6120
boundary,cma/B=4096,desc,mid_block,242.281,13.594,30.016,6120
boundary,cma/B=16384,asc,ends_at_boundary,242.781,13.656,30.188,2040
boundary,cma/B=16384,asc,crosses_boundary,325.906,24.047,40.562,2040
boundary,cma/B=16384,asc,mid_block,320.844,23.414,39.391,2040
boundary,cma/B=16384,desc,ends_at_boundary,239.969,13.305,29.719,2040
boundary,cma/B=16384,desc,crosses_boundary,325.312,23.973,40.328,2040
boundary,cma/B=16384,desc,mid_block,312.719,22.398,38.352,2040
boundary,cma/B=65536/phase=0K,asc,ends_at_boundary,245.688,14.020,30.445,510
boundary,cma/B=65536/phase=0K,asc,crosses_boundary,325.531,24.000,40.289,510
boundary,cma/B=65536/phase=0K,asc,mid_block,331.188,24.707,39.211,510
boundary,cma/B=65536/phase=0K,desc,ends_at_boundary,242.688,13.645,30.055,510
boundary,cma/B=65536/phase=0K,desc,crosses_boundary,325.688,24.020,40.258,510
boundary,cma/B=65536/phase=0K,desc,mid_block,339.719,25.773,38.953,510
boundary,cma/B=65536/phase=16K,asc,ends_at_boundary,245.375,13.980,30.406,510
boundary,cma/B=65536/phase=16K,asc,crosses_boundary,323.531,23.750,40.008,510
boundary,cma/B=65536/phase=16K,asc,mid_block,327.875,24.293,39.352,510
boundary,cma/B=65536/phase=16K,desc,ends_at_boundary,237.000,12.934,29.406,510
boundary,cma/B=65536/phase=16K,desc,crosses_boundary,321.906,23.547,39.883,510
boundary,cma/B=65536/phase=16K,desc,mid_block,340.844,25.914,38.938,510
boundary,cma/B=65536/phase=32K,asc,ends_at_boundary,244.188,13.832,30.383,510
boundary,cma/B=65536/phase=32K,asc,crosses_boundary,324.156,23.828,40.172,510
boundary,cma/B=65536/phase=32K,asc,mid_block,329.906,24.547,39.469,510
boundary,cma/B=65536/phase=32K,desc,ends_at_boundary,238.469,13.117,29.633,510
boundary,cma/B=65536/phase=32K,desc,crosses_boundary,321.500,23.496,39.820,510
boundary,cma/B=65536/phase=32K,desc,mid_block,335.219,25.211,38.492,510
boundary,cma/B=65536/phase=48K,asc,ends_at_boundary,242.156,13.578,30.125,510
boundary,cma/B=65536/phase=48K,asc,crosses_boundary,326.594,24.133,40.383,510
boundary,cma/B=65536/phase=48K,asc,mid_block,330.188,24.582,39.172,510
boundary,cma/B=65536/phase=48K,desc,ends_at_boundary,236.875,12.918,29.461,510
boundary,cma/B=65536/phase=48K,desc,crosses_boundary,325.125,23.949,40.211,510
boundary,cma/B=65536/phase=48K,desc,mid_block,338.031,25.562,38.820,510
store_header,stride,ns,ratio_vs_random,bus,l2r,ll
store,1,15.6173,0.6492,9.1511,0.08531,1.08029
store,2,16.3608,0.6801,9.1250,0.29498,1.09365
store,4,17.9322,0.7454,9.1199,0.28888,1.09342
store,8,19.7402,0.8206,9.1144,0.28090,1.09025
store,16,21.5783,0.8970,9.3197,0.30773,1.10626
store,32,22.5346,0.9367,9.7442,0.37289,1.11117
store,64,23.2572,0.9668,10.1217,0.40928,1.10624
store,-1,15.4366,0.6417,9.1329,0.08274,1.07793
store,random,24.0571,1.0000,9.2222,0.18731,1.12478
